{
  "regulars": {
    "count": [
      0, 
      1, 
      0, 
      1, 
      0
    ], 
    "ratio": [
      0.0, 
      0.5, 
      0.0, 
      0.5, 
      0.0
    ]
  }
}{
  "money": {
    "count": [
      2, 
      1, 
      0, 
      0, 
      0
    ], 
    "ratio": [
      0.6666666666666666, 
      0.3333333333333333, 
      0.0, 
      0.0, 
      0.0
    ]
  }
}{
  "years": {
    "count": [
      1, 
      0, 
      0, 
      1, 
      0
    ], 
    "ratio": [
      0.5, 
      0.0, 
      0.0, 
      0.5, 
      0.0
    ]
  }
}{
  "go": {
    "count": [
      1, 
      0, 
      1, 
      0, 
      0
    ], 
    "ratio": [
      0.5, 
      0.0, 
      0.5, 
      0.0, 
      0.0
    ]
  }
}{
  "chicken": {
    "count": [
      1, 
      0, 
      0, 
      1, 
      0
    ], 
    "ratio": [
      0.5, 
      0.0, 
      0.0, 
      0.5, 
      0.0
    ]
  }
}{
  "staff": {
    "count": [
      1, 
      1, 
      1, 
      1, 
      4
    ], 
    "ratio": [
      0.125, 
      0.125, 
      0.125, 
      0.125, 
      0.5
    ]
  }
}{
  "menu": {
    "count": [
      3, 
      2, 
      1, 
      1, 
      0
    ], 
    "ratio": [
      0.42857142857142855, 
      0.2857142857142857, 
      0.14285714285714285, 
      0.14285714285714285, 
      0.0
    ]
  }
}{
  "lodge": {
    "count": [
      1, 
      1, 
      2, 
      4, 
      1
    ], 
    "ratio": [
      0.1111111111111111, 
      0.1111111111111111, 
      0.2222222222222222, 
      0.4444444444444444, 
      0.1111111111111111
    ]
  }
}{
  "someone": {
    "count": [
      1, 
      1, 
      0, 
      0, 
      0
    ], 
    "ratio": [
      0.5, 
      0.5, 
      0.0, 
      0.0, 
      0.0
    ]
  }
}{
  "food": {
    "count": [
      6, 
      6, 
      4, 
      9, 
      3
    ], 
    "ratio": [
      0.21428571428571427, 
      0.21428571428571427, 
      0.14285714285714285, 
      0.32142857142857145, 
      0.10714285714285714
    ]
  }
}{
  "wednesday nights": {
    "count": [
      0, 
      0, 
      1, 
      1, 
      1
    ], 
    "ratio": [
      0.0, 
      0.0, 
      0.3333333333333333, 
      0.3333333333333333, 
      0.3333333333333333
    ]
  }
}{
  "wings": {
    "count": [
      1, 
      0, 
      0, 
      1, 
      0
    ], 
    "ratio": [
      0.5, 
      0.0, 
      0.0, 
      0.5, 
      0.0
    ]
  }
}{
  "minute": {
    "count": [
      1, 
      0, 
      0, 
      1, 
      0
    ], 
    "ratio": [
      0.5, 
      0.0, 
      0.0, 
      0.5, 
      0.0
    ]
  }
}{
  "bar": {
    "count": [
      3, 
      2, 
      6, 
      3, 
      3
    ], 
    "ratio": [
      0.17647058823529413, 
      0.11764705882352941, 
      0.35294117647058826, 
      0.17647058823529413, 
      0.17647058823529413
    ]
  }
}{
  "name": {
    "count": [
      0, 
      0, 
      0, 
      1, 
      1
    ], 
    "ratio": [
      0.0, 
      0.0, 
      0.0, 
      0.5, 
      0.5
    ]
  }
}{
  "server": {
    "count": [
      1, 
      1, 
      0, 
      0, 
      0
    ], 
    "ratio": [
      0.5, 
      0.5, 
      0.0, 
      0.0, 
      0.0
    ]
  }
}{
  "night": {
    "count": [
      0, 
      1, 
      1, 
      0, 
      2
    ], 
    "ratio": [
      0.0, 
      0.25, 
      0.25, 
      0.0, 
      0.5
    ]
  }
}{
  "guy": {
    "count": [
      1, 
      0, 
      0, 
      1, 
      0
    ], 
    "ratio": [
      0.5, 
      0.0, 
      0.0, 
      0.5, 
      0.0
    ]
  }
}{
  "meal": {
    "count": [
      0, 
      0, 
      1, 
      2, 
      0
    ], 
    "ratio": [
      0.0, 
      0.0, 
      0.3333333333333333, 
      0.6666666666666666, 
      0.0
    ]
  }
}{
  "luck": {
    "count": [
      0, 
      1, 
      0, 
      1, 
      0
    ], 
    "ratio": [
      0.0, 
      0.5, 
      0.0, 
      0.5, 
      0.0
    ]
  }
}{
  "everyone": {
    "count": [
      1, 
      0, 
      0, 
      0, 
      1
    ], 
    "ratio": [
      0.5, 
      0.0, 
      0.0, 
      0.0, 
      0.5
    ]
  }
}{
  "people": {
    "count": [
      3, 
      1, 
      2, 
      1, 
      0
    ], 
    "ratio": [
      0.42857142857142855, 
      0.14285714285714285, 
      0.2857142857142857, 
      0.14285714285714285, 
      0.0
    ]
  }
}{
  "house": {
    "count": [
      0, 
      0, 
      0, 
      2, 
      1
    ], 
    "ratio": [
      0.0, 
      0.0, 
      0.0, 
      0.6666666666666666, 
      0.3333333333333333
    ]
  }
}{
  "tvs": {
    "count": [
      0, 
      1, 
      1, 
      0, 
      1
    ], 
    "ratio": [
      0.0, 
      0.3333333333333333, 
      0.3333333333333333, 
      0.0, 
      0.3333333333333333
    ]
  }
}{
  "chef": {
    "count": [
      1, 
      1, 
      0, 
      0, 
      0
    ], 
    "ratio": [
      0.5, 
      0.5, 
      0.0, 
      0.0, 
      0.0
    ]
  }
}{
  "dining room": {
    "count": [
      0, 
      1, 
      1, 
      1, 
      0
    ], 
    "ratio": [
      0.0, 
      0.3333333333333333, 
      0.3333333333333333, 
      0.3333333333333333, 
      0.0
    ]
  }
}{
  "pool tables": {
    "count": [
      0, 
      0, 
      2, 
      2, 
      0
    ], 
    "ratio": [
      0.0, 
      0.0, 
      0.5, 
      0.5, 
      0.0
    ]
  }
}{
  "home": {
    "count": [
      0, 
      0, 
      1, 
      0, 
      1
    ], 
    "ratio": [
      0.0, 
      0.0, 
      0.5, 
      0.0, 
      0.5
    ]
  }
}{
  "girl": {
    "count": [
      0, 
      1, 
      1, 
      0, 
      0
    ], 
    "ratio": [
      0.0, 
      0.5, 
      0.5, 
      0.0, 
      0.0
    ]
  }
}{
  "salads": {
    "count": [
      0, 
      0, 
      2, 
      3, 
      0
    ], 
    "ratio": [
      0.0, 
      0.0, 
      0.4, 
      0.6, 
      0.0
    ]
  }
}{
  "saturday": {
    "count": [
      1, 
      0, 
      1, 
      0, 
      0
    ], 
    "ratio": [
      0.5, 
      0.0, 
      0.5, 
      0.0, 
      0.0
    ]
  }
}{
  "drinks": {
    "count": [
      3, 
      1, 
      2, 
      5, 
      3
    ], 
    "ratio": [
      0.21428571428571427, 
      0.07142857142857142, 
      0.14285714285714285, 
      0.35714285714285715, 
      0.21428571428571427
    ]
  }
}{
  "alcohol": {
    "count": [
      0, 
      0, 
      1, 
      0, 
      1
    ], 
    "ratio": [
      0.0, 
      0.0, 
      0.5, 
      0.0, 
      0.5
    ]
  }
}{
  "great food": {
    "count": [
      0, 
      0, 
      1, 
      1, 
      1
    ], 
    "ratio": [
      0.0, 
      0.0, 
      0.3333333333333333, 
      0.3333333333333333, 
      0.3333333333333333
    ]
  }
}{
  "review": {
    "count": [
      0, 
      1, 
      0, 
      1, 
      0
    ], 
    "ratio": [
      0.0, 
      0.5, 
      0.0, 
      0.5, 
      0.0
    ]
  }
}{
  "southern highlands": {
    "count": [
      0, 
      0, 
      1, 
      1, 
      0
    ], 
    "ratio": [
      0.0, 
      0.0, 
      0.5, 
      0.5, 
      0.0
    ]
  }
}{
  "ice": {
    "count": [
      1, 
      0, 
      0, 
      1, 
      0
    ], 
    "ratio": [
      0.5, 
      0.0, 
      0.0, 
      0.5, 
      0.0
    ]
  }
}{
  "neighborhood bar": {
    "count": [
      0, 
      0, 
      1, 
      1, 
      1
    ],