{
  "shop": {
    "count": [
      1, 
      0, 
      1, 
      0, 
      3
    ], 
    "ratio": [
      0.2, 
      0.0, 
      0.2, 
      0.0, 
      0.6
    ]
  }
}{
  "barbers": {
    "count": [
      0, 
      0, 
      2, 
      0, 
      6
    ], 
    "ratio": [
      0.0, 
      0.0, 
      0.25, 
      0.0, 
      0.75
    ]
  }
}{
  "haircut": {
    "count": [
      0, 
      2, 
      1, 
      2, 
      19
    ], 
    "ratio": [
      0.0, 
      0.08333333333333333, 
      0.041666666666666664, 
      0.08333333333333333, 
      0.7916666666666666
    ]
  }
}{
  "back": {
    "count": [
      0, 
      0, 
      1, 
      0, 
      1
    ], 
    "ratio": [
      0.0, 
      0.0, 
      0.5, 
      0.0, 
      0.5
    ]
  }
}{
  "hair": {
    "count": [
      1, 
      1, 
      0, 
      0, 
      12
    ], 
    "ratio": [
      0.07142857142857142, 
      0.07142857142857142, 
      0.0, 
      0.0, 
      0.8571428571428571
    ]
  }
}{
  "something": {
    "count": [
      0, 
      0, 
      1, 
      0, 
      3
    ], 
    "ratio": [
      0.0, 
      0.0, 
      0.25, 
      0.0, 
      0.75
    ]
  }
}{
  "fino": {
    "count": [
      0, 
      0, 
      1, 
      1, 
      16
    ], 
    "ratio": [
      0.0, 
      0.0, 
      0.05555555555555555, 
      0.05555555555555555, 
      0.8888888888888888
    ]
  }
}{
  "year": {
    "count": [
      0, 
      0, 
      1, 
      0, 
      1
    ], 
    "ratio": [
      0.0, 
      0.0, 
      0.5, 
      0.0, 
      0.5
    ]
  }
}{
  "chair": {
    "count": [
      1, 
      0, 
      0, 
      1, 
      0
    ], 
    "ratio": [
      0.5, 
      0.0, 
      0.0, 
      0.5, 
      0.0
    ]
  }
}{
  "face": {
    "count": [
      0, 
      1, 
      0, 
      0, 
      2
    ], 
    "ratio": [
      0.0, 
      0.3333333333333333, 
      0.0, 
      0.0, 
      0.6666666666666666
    ]
  }
}{
  "jose": {
    "count": [
      0, 
      1, 
      0, 
      0, 
      5
    ], 
    "ratio": [
      0.0, 
      0.16666666666666666, 
      0.0, 
      0.0, 
      0.8333333333333334
    ]
  }
}{
  "sides": {
    "count": [
      1, 
      0, 
      0, 
      0, 
      1
    ], 
    "ratio": [
      0.5, 
      0.0, 
      0.0, 
      0.0, 
      0.5
    ]
  }
}{
  "ton": {
    "count": [
      0, 
      0, 
      1, 
      0, 
      1
    ], 
    "ratio": [
      0.0, 
      0.0, 
      0.5, 
      0.0, 
      0.5
    ]
  }
}{
  "place": {
    "count": [
      0, 
      2, 
      2, 
      1, 
      28
    ], 
    "ratio": [
      0.0, 
      0.06060606060606061, 
      0.06060606060606061, 
      0.030303030303030304, 
      0.8484848484848485
    ]
  }
}{
  "weeks": {
    "count": [
      0, 
      0, 
      1, 
      0, 
      3
    ], 
    "ratio": [
      0.0, 
      0.0, 
      0.25, 
      0.0, 
      0.75
    ]
  }
}{
  "haircuts": {
    "count": [
      0, 
      0, 
      2, 
      0, 
      4
    ], 
    "ratio": [
      0.0, 
      0.0, 
      0.3333333333333333, 
      0.0, 
      0.6666666666666666
    ]
  }
}{
  "worth": {
    "count": [
      0, 
      0, 
      1, 
      0, 
      1
    ], 
    "ratio": [
      0.0, 
      0.0, 
      0.5, 
      0.0, 
      0.5
    ]
  }
}{
  "week": {
    "count": [
      1, 
      0, 
      0, 
      0, 
      4
    ], 
    "ratio": [
      0.2, 
      0.0, 
      0.0, 
      0.0, 
      0.8
    ]
  }
}{
  "product": {
    "count": [
      0, 
      0, 
      1, 
      0, 
      1
    ], 
    "ratio": [
      0.0, 
      0.0, 
      0.5, 
      0.0, 
      0.5
    ]
  }
}{
  "appointment": {
    "count": [
      0, 
      0, 
      1, 
      0, 
      9
    ], 
    "ratio": [
      0.0, 
      0.0, 
      0.1, 
      0.0, 
      0.9
    ]
  }
}{
  "price": {
    "count": [
      0, 
      0, 
      1, 
      1, 
      3
    ], 
    "ratio": [
      0.0, 
      0.0, 
      0.2, 
      0.2, 
      0.6
    ]
  }
}{
  "men": {
    "count": [
      0, 
      0, 
      1, 
      0, 
      11
    ], 
    "ratio": [
      0.0, 
      0.0, 
      0.08333333333333333, 
      0.0, 
      0.9166666666666666
    ]
  }
}{
  "barber": {
    "count": [
      0, 
      0, 
      0, 
      1, 
      6
    ], 
    "ratio": [
      0.0, 
      0.0, 
      0.0, 
      0.14285714285714285, 
      0.8571428571428571
    ]
  }
}{
  "prices": {
    "count": [
      0, 
      0, 
      1, 
      0, 
      1
    ], 
    "ratio": [
      0.0, 
      0.0, 
      0.5, 
      0.0, 
      0.5
    ]
  }
}{
  "guys": {
    "count": [
      1, 
      0, 
      0, 
      0, 
      6
    ], 
    "ratio": [
      0.14285714285714285, 
      0.0, 
      0.0, 
      0.0, 
      0.8571428571428571
    ]
  }
}{
  "day": {
    "count": [
      0, 
      0, 
      1, 
      0, 
      3
    ], 
    "ratio": [
      0.0, 
      0.0, 
      0.25, 
      0.0, 
      0.75
    ]
  }
}{
  "man": {
    "count": [
      0, 
      0, 
      1, 
      0, 
      5
    ], 
    "ratio": [
      0.0, 
      0.0, 
      0.16666666666666666, 
      0.0, 
      0.8333333333333334
    ]
  }
}{
  "town": {
    "count": [
      1, 
      1, 
      0, 
      0, 
      5
    ], 
    "ratio": [
      0.14285714285714285, 
      0.14285714285714285, 
      0.0, 
      0.0, 
      0.7142857142857143
    ]
  }
}{
  "barber shop": {
    "count": [
      1, 
      0, 
      0, 
      0, 
      2
    ], 
    "ratio": [
      0.3333333333333333, 
      0.0, 
      0.0, 
      0.0, 
      0.6666666666666666
    ]
  }
}{
  "kind": {
    "count": [
      0, 
      1, 
      1, 
      0, 
      3
    ], 
    "ratio": [
      0.0, 
      0.2, 
      0.2, 
      0.0, 
      0.6
    ]
  }
}{
  "towel": {
    "count": [
      0, 
      1, 
      0, 
      0, 
      1
    ], 
    "ratio": [
      0.0, 
      0.5, 
      0.0, 
      0.0, 
      0.5
    ]
  }
}{
  "stylist": {
    "count": [
      0, 
      1, 
      0, 
      0, 
      1
    ], 
    "ratio": [
      0.0, 
      0.5, 
      0.0, 
      0.0, 
      0.5
    ]
  }
}{
  "shampoo": {
    "count": [
      1, 
      0, 
      0, 
      0, 
      1
    ], 
    "ratio": [
      0.5, 
      0.0, 
      0.0, 
      0.0, 
      0.5
    ]
  }
}{
  "experience": {
    "count": [
      0, 
      0, 
      1, 
      0, 
      3
    ], 
    "ratio": [
      0.0, 
      0.0, 
      0.25, 
      0.0, 
      0.75
    ]
  }
}{
  "times": {
    "count": [
      0, 
      0, 
      1, 
      1, 
      0
    ], 
    "ratio": [
      0.0, 
      0.0, 
      0.5, 
      0.5, 
      0.0
    ]
  }
}{
  "reviews": {
    "count": [
      0, 
      0, 
      1, 
      0, 
      4
    ], 
    "ratio": [
      0.0, 
      0.0, 
      0.2, 
      0.0, 
      0.8
    ]
  }
}{
  "las vegas": {
    "count": [
      0, 
      0, 
      1, 
      0, 
      5
    ], 
    "ratio": [
      0.0, 
      0.0, 
      0.16666666666666666, 
      0.0, 
      0.8333333333333334
    ]
  }
}{
  "products": {
    "count": [
      0, 
      0, 
      1, 
      0, 
      3
    ], 
    "ratio": [
      0.0, 
      0.0, 
      0.25, 
      0.0, 
      0.75
    ]
  }
}{
  "time": {
    "count": [
      0, 
      0, 
      1, 
      0, 
      10
    ],